username,motDePasse
M10000,M10000MDP
M10001,M10001MDP
M10002,M10002MDP
M10003,M10003MDP
M10004,M10004MDP
M10005,M10005MDP
M10006,M10006MDP
M10007,M10007MDP
M10008,M10008MDP
M10009,M10009MDP
M10010,M10010MDP
M10011,M10011MDP
M10012,M10012MDP
M10013,M10013MDP
M10014,M10014MDP
M10015,M10015MDP
M10016,M10016MDP
M10017,M10017MDP
M10018,M10018MDP
M10019,M10019MDP
M10020,M10020MDP
M10021,M10021MDP
M10022,M10022MDP
M10023,M10023MDP
M10024,M10024MDP
M10025,M10025MDP
M10026,M10026MDP
M10027,M10027MDP
M10028,M10028MDP
M10029,M10029MDP
